time (s),ADC code,predicted distance (cm)
0.000,547,18
0.001,547,18
0.002,548,18
0.003,548,18
0.004,547,18
0.005,547,18
0.006,548,18
0.007,550,18
0.008,549,18
0.009,589,17
0.010,546,18
0.011,547,18
0.012,547,18
0.013,548,18
0.014,548,18
0.015,548,18
0.016,548,18
0.017,548,18
0.018,548,18
0.019,549,18
0.020,594,17
0.021,589,17
0.022,546,18
0.023,548,18
0.024,549,18
0.025,548,18
0.026,547,18
0.027,547,18
0.028,547,18
0.029,547,18
0.030,549,18
0.031,550,18
0.032,593,17
0.033,550,18
0.034,546,18
0.035,549,18
0.036,549,18
0.037,548,18
0.038,548,18
0.039,548,18
0.040,548,18
0.041,548,18
0.042,548,18
0.043,549,18
0.044,593,17
0.045,546,18
0.046,545,18
0.047,549,18
0.048,547,18
0.049,548,18
0.050,548,18
0.051,548,18
0.052,549,18
0.053,548,18
0.054,548,18
0.055,549,18
0.056,592,17
0.057,545,18
0.058,548,18
0.059,546,18
0.060,547,18
0.061,547,18
0.062,548,18
0.063,548,18
0.064,549,18
0.065,548,18
0.066,548,18
0.067,550,18
0.068,592,17
0.069,548,18
0.070,547,18
0.071,547,18
0.072,547,18
0.073,548,18
0.074,548,18
0.075,549,18
0.076,548,18
0.077,548,18
0.078,548,18
0.079,549,18
0.080,548,18
0.081,555,18
0.082,547,18
0.083,547,18
0.084,547,18
0.085,548,18
0.086,548,18
0.087,548,18
0.088,547,18
0.089,548,18
0.090,548,18
0.091,548,18
0.092,594,17
0.093,550,18
0.094,547,18
0.095,547,18
0.096,547,18
0.097,548,18
0.098,547,18
0.099,547,18
0.100,548,18
0.101,548,18
0.102,549,18
0.103,550,18
0.104,594,17
0.105,546,18
0.106,546,18
0.107,546,18
0.108,548,18
0.109,547,18
0.110,547,18
0.111,547,18
0.112,548,18
0.113,548,18
0.114,549,18
0.115,549,18
0.116,592,17
0.117,547,18
0.118,546,18
0.119,545,18
0.120,543,19
0.121,544,19
0.122,544,19
0.123,544,19
0.124,545,18
0.125,545,18
0.126,544,19
0.127,546,18
0.128,587,17
0.129,543,19
0.130,545,18
0.131,544,19
0.132,543,19
0.133,544,19
0.134,544,19
0.135,544,19
0.136,545,18
0.137,544,19
0.138,544,19
0.139,545,18
0.140,586,17
0.141,545,18
0.142,543,19
0.143,543,19
0.144,544,19
0.145,544,19
0.146,544,19
0.147,545,18
0.148,544,19
0.149,545,18
0.150,544,19
0.151,583,17
0.152,545,18
0.153,542,19
0.154,543,19
0.155,544,19
0.156,544,19
0.157,544,19
0.158,542,19
0.159,541,19
0.160,541,19
0.161,541,19
0.162,541,19
0.163,541,19
0.164,584,17
0.165,538,19
0.166,539,19
0.167,540,19
0.168,540,19
0.169,542,19
0.170,541,19
0.171,541,19
0.172,541,19
0.173,541,19
0.174,541,19
0.175,538,19
0.176,580,17
0.177,535,19
0.178,535,19
0.179,537,19
0.180,538,19
0.181,537,19
0.182,537,19
0.183,537,19
0.184,537,19
0.185,538,19
0.186,535,19
0.187,535,19
0.188,576,17
0.189,532,19
0.190,533,19
0.191,534,19
0.192,533,19
0.193,534,19
0.194,533,19
0.195,534,19
0.196,534,19
0.197,535,19
0.198,534,19
0.199,564,18
0.200,576,17
0.201,531,19
0.202,534,19
0.203,533,19
0.204,534,19
0.205,534,19
0.206,533,19
0.207,533,19
0.208,535,19
0.209,534,19
0.210,534,19
0.211,579,17
0.212,576,17
0.213,534,19
0.214,532,19
0.215,529,19
0.216,529,19
0.217,530,19
0.218,530,19
0.219,531,19
0.220,531,19
0.221,530,19
0.222,531,19
0.223,576,17
0.224,531,19
0.225,528,19
0.226,526,19
0.227,526,19
0.228,526,19
0.229,526,19
0.230,528,19
0.231,527,19
0.232,527,19
0.233,527,19
0.234,527,19
0.235,572,18
0.236,528,19
0.237,525,19
0.238,526,19
0.239,526,19
0.240,527,19
0.241,527,19
0.242,523,19
0.243,523,19
0.244,523,19
0.245,523,19
0.246,523,19
0.247,524,19
0.248,565,18
0.249,521,19
0.250,523,19
0.251,523,19
0.252,524,19
0.253,524,19
0.254,524,19
0.255,523,19
0.256,523,19
0.257,523,19
0.258,521,19
0.259,564,18
0.260,562,18
0.261,517,20
0.262,519,20
0.263,520,19
0.264,521,19
0.265,520,19
0.266,519,20
0.267,520,19
0.268,520,19
0.269,521,19
0.270,520,19
0.271,565,18
0.272,561,18
0.273,519,20
0.274,519,20
0.275,517,20
0.276,516,20
0.277,516,20
0.278,516,20
0.279,516,20
0.280,517,20
0.281,517,20
0.282,516,20
0.283,561,18
0.284,557,18
0.285,515,20
0.286,514,20
0.287,512,20
0.288,512,20
0.289,512,20
0.290,512,20
0.291,514,20
0.292,514,20
0.293,513,20
0.294,513,20
0.295,558,18
0.296,513,20
0.297,510,20
0.298,507,20
0.299,508,20
0.300,508,20
0.301,509,20
0.302,509,20
0.303,510,20
0.304,509,20
0.305,509,20
0.306,509,20
0.307,552,18
0.308,510,20
0.309,508,20
0.310,507,20
0.311,508,20
0.312,509,20
0.313,509,20
0.314,507,20
0.315,505,20
0.316,506,20
0.317,506,20
0.318,506,20
0.319,507,20
0.320,519,20
0.321,504,20
0.322,505,20
0.323,505,20
0.324,505,20
0.325,502,20
0.326,502,20
0.327,501,20
0.328,502,20
0.329,502,20
0.330,503,20
0.331,547,18
0.332,506,20
0.333,501,20
0.334,502,20
0.335,501,20
0.336,499,20
0.337,498,20
0.338,498,20
0.339,499,20
0.340,498,20
0.341,499,20
0.342,498,20
0.343,541,19
0.344,496,21
0.345,496,21
0.346,498,20
0.347,495,21
0.348,494,21
0.349,494,21
0.350,494,21
0.351,494,21
0.352,494,21
0.353,495,21
0.354,494,21
0.355,536,19
0.356,493,21
0.357,493,21
0.358,495,21
0.359,494,21
0.360,494,21
0.361,494,21
0.362,494,21
0.363,494,21
0.364,491,21
0.365,491,21
0.366,490,21
0.367,533,19
0.368,489,21
0.369,491,21
0.370,490,21
0.371,490,21
0.372,490,21
0.373,490,21
0.374,491,21
0.375,492,21
0.376,491,21
0.377,491,21
0.378,495,21
0.379,532,19
0.380,491,21
0.381,486,21
0.382,486,21
0.383,486,21
0.384,487,21
0.385,487,21
0.386,488,21
0.387,488,21
0.388,488,21
0.389,486,21
0.390,531,19
0.391,488,21
0.392,482,21
0.393,482,21
0.394,482,21
0.395,483,21
0.396,483,21
0.397,485,21
0.398,484,21
0.399,483,21
0.400,484,21
0.401,482,21
0.402,484,21
0.403,481,21
0.404,478,21
0.405,479,21
0.406,479,21
0.407,479,21
0.408,481,21
0.409,480,21
0.410,479,21
0.411,480,21
0.412,480,21
0.413,480,21
0.414,480,21
0.415,522,19
0.416,477,21
0.417,479,21
0.418,479,21
0.419,477,21
0.420,476,22
0.421,476,22
0.422,476,22
0.423,476,22
0.424,476,22
0.425,477,21
0.426,520,19
0.427,518,20
0.428,474,22
0.429,475,22
0.430,477,21
0.431,477,21
0.432,476,22
0.433,476,22
0.434,476,22
0.435,476,22
0.436,473,22
0.437,472,22
0.438,516,20
0.439,514,20
0.440,472,22
0.441,473,22
0.442,474,22
0.443,473,22
0.444,473,22
0.445,472,22
0.446,472,22
0.447,473,22
0.448,473,22
0.449,472,22
0.450,516,20
0.451,478,21
0.452,471,22
0.453,473,22
0.454,472,22
0.455,472,22
0.456,473,22
0.457,473,22
0.458,470,22
0.459,469,22
0.460,469,22
0.461,467,22
0.462,512,20
0.463,469,22
0.464,470,22
0.465,468,22
0.466,468,22
0.467,469,22
0.468,469,22
0.469,469,22
0.470,469,22
0.471,469,22
0.472,469,22
0.473,467,22
0.474,511,20
0.475,466,22
0.476,465,22
0.477,465,22
0.478,465,22
0.479,465,22
0.480,466,22
0.481,466,22
0.482,466,22
0.483,466,22
0.484,465,22
0.485,464,22
0.486,466,22
0.487,465,22
0.488,465,22
0.489,465,22
0.490,465,22
0.491,466,22
0.492,463,22
0.493,462,22
0.494,462,22
0.495,462,22
0.496,462,22
0.497,463,22
0.498,505,20
0.499,461,22
0.500,460,22
0.501,460,22
0.502,462,22
0.503,462,22
0.504,462,22
0.505,462,22
0.506,463,22
0.507,463,22
0.508,459,22
0.509,457,23
0.510,500,20
0.511,458,22
0.512,457,23
0.513,457,23
0.514,459,22
0.515,458,22
0.516,458,22
0.517,458,22
0.518,458,22
0.519,459,22
0.520,459,22
0.521,456,23
0.522,501,20
0.523,457,23
0.524,457,23
0.525,455,23
0.526,454,23
0.527,454,23
0.528,455,23
0.529,455,23
0.530,455,23
0.531,456,23
0.532,455,23
0.533,481,21
0.534,497,20
0.535,453,23
0.536,455,23
0.537,454,23
0.538,455,23
0.539,454,23
0.540,454,23
0.541,454,23
0.542,455,23
0.543,454,23
0.544,452,23
0.545,497,20
0.546,496,21
0.547,456,23
0.548,455,23
0.549,454,23
0.550,455,23
0.551,455,23
0.552,455,23
0.553,452,23
0.554,451,23
0.555,451,23
0.556,448,23
0.557,493,21
0.558,451,23
0.559,449,23
0.560,451,23
0.561,451,23
0.562,451,23
0.563,451,23
0.564,452,23
0.565,451,23
0.566,451,23
0.567,451,23
0.568,449,23
0.569,451,23
0.570,494,21
0.571,449,23
0.572,450,23
0.573,450,23
0.574,451,23
0.575,449,23
0.576,448,23
0.577,447,23
0.578,448,23
0.579,447,23
0.580,448,23
0.581,490,21
0.582,489,21
0.583,446,23
0.584,447,23
0.585,446,23
0.586,449,23
0.587,448,23
0.588,447,23
0.589,447,23
0.590,447,23
0.591,447,23
0.592,448,23
0.593,490,21
0.594,489,21
0.595,446,23
0.596,447,23
0.597,444,23
0.598,443,23
0.599,443,23
0.600,444,23
0.601,444,23
0.602,444,23
0.603,445,23
0.604,441,23
0.605,486,21
0.606,444,23
0.607,442,23
0.608,444,23
0.609,443,23
0.610,444,23
0.611,443,23
0.612,443,23
0.613,444,23
0.614,441,23
0.615,441,23
0.616,437,24
0.617,483,21
0.618,439,24
0.619,441,23
0.620,440,23
0.621,439,24
0.622,440,23
0.623,440,23
0.624,440,23
0.625,441,23
0.626,440,23
0.627,440,23
0.628,438,24
0.629,482,21
0.630,441,23
0.631,440,23
0.632,439,24
0.633,439,24
0.634,439,24
0.635,439,24
0.636,440,23
0.637,439,24
0.638,439,24
0.639,439,24
0.640,436,24
0.641,481,21
0.642,437,24
0.643,434,24
0.644,435,24
0.645,436,24
0.646,436,24
0.647,436,24
0.648,436,24
0.649,435,24
0.650,435,24
0.651,436,24
0.652,476,22
0.653,436,24
0.654,435,24
0.655,434,24
0.656,434,24
0.657,435,24
0.658,436,24
0.659,436,24
0.660,436,24
0.661,435,24
0.662,435,24
0.663,432,24
0.664,432,24
0.665,474,22
0.666,430,24
0.667,431,24
0.668,431,24
0.669,432,24
0.670,433,24
0.671,432,24
0.672,432,24
0.673,432,24
0.674,432,24
0.675,433,24
0.676,457,23
0.677,474,22
0.678,429,24
0.679,431,24
0.680,431,24
0.681,429,24
0.682,428,24
0.683,428,24
0.684,429,24
0.685,428,24
0.686,429,24
0.687,429,24
0.688,468,22
0.689,470,22
0.690,425,24
0.691,427,24
0.692,429,24
0.693,428,24
0.694,428,24
0.695,428,24
0.696,428,24
0.697,429,24
0.698,428,24
0.699,428,24
0.700,470,22
0.701,470,22
0.702,427,24
0.703,429,24
0.704,428,24
0.705,428,24
0.706,427,24
0.707,428,24
0.708,429,24
0.709,429,24
0.710,429,24
0.711,425,24
0.712,469,22
0.713,442,23
0.714,429,24
0.715,427,24
0.716,427,24
0.717,428,24
0.718,428,24
0.719,429,24
0.720,429,24
0.721,428,24
0.722,429,24
0.723,425,24
0.724,469,22
0.725,429,24
0.726,426,24
0.727,427,24
0.728,427,24
0.729,427,24
0.730,427,24
0.731,429,24
0.732,428,24
0.733,428,24
0.734,429,24
0.735,425,24
0.736,429,24
0.737,470,22
0.738,428,24
0.739,427,24
0.740,427,24
0.741,428,24
0.742,428,24
0.743,428,24
0.744,428,24
0.745,428,24
0.746,428,24
0.747,429,24
0.748,470,22
0.749,448,23
0.750,427,24
0.751,427,24
0.752,428,24
0.753,429,24
0.754,429,24
0.755,428,24
0.756,428,24
0.757,428,24
0.758,428,24
0.759,425,24
0.760,469,22
0.761,427,24
0.762,427,24
0.763,427,24
0.764,429,24
0.765,428,24
0.766,428,24
0.767,428,24
0.768,428,24
0.769,428,24
0.770,428,24
0.771,424,24
0.772,469,22
0.773,427,24
0.774,426,24
0.775,425,24
0.776,425,24
0.777,424,24
0.778,424,24
0.779,425,24
0.780,424,24
0.781,425,24
0.782,425,24
0.783,420,25
0.784,467,22
0.785,423,25
0.786,425,24
0.787,424,24
0.788,424,24
0.789,425,24
0.790,424,24
0.791,425,24
0.792,426,24
0.793,425,24
0.794,424,24
0.795,450,23
0.796,466,22
0.797,425,24
0.798,419,25
0.799,420,25
0.800,420,25
0.801,420,25
0.802,420,25
0.803,422,25
0.804,421,25
0.805,421,25
0.806,421,25
0.807,461,22
0.808,422,25
0.809,418,25
0.810,416,25
0.811,416,25
0.812,416,25
0.813,417,25
0.814,418,25
0.815,417,25
0.816,417,25
0.817,417,25
0.818,416,25
0.819,417,25
0.820,418,25
0.821,416,25
0.822,417,25
0.823,416,25
0.824,416,25
0.825,418,25
0.826,417,25
0.827,417,25
0.828,417,25
0.829,417,25
0.830,416,25
0.831,415,25
0.832,455,23
0.833,412,25
0.834,413,25
0.835,413,25
0.836,414,25
0.837,413,25
0.838,413,25
0.839,413,25
0.840,413,25
0.841,413,25
0.842,414,25
0.843,454,23
0.844,455,23
0.845,412,25
0.846,412,25
0.847,414,25
0.848,413,25
0.849,413,25
0.850,413,25
0.851,413,25
0.852,413,25
0.853,414,25
0.854,412,25
0.855,454,23
0.856,455,23
0.857,412,25
0.858,414,25
0.859,414,25
0.860,413,25
0.861,413,25
0.862,413,25
0.863,413,25
0.864,414,25
0.865,413,25
0.866,409,25
0.867,453,23
0.868,413,25
0.869,412,25
0.870,411,25
0.871,409,25
0.872,409,25
0.873,409,25
0.874,410,25
0.875,410,25
0.876,410,25
0.877,409,25
0.878,405,26
0.879,451,23
0.880,407,26
0.881,411,25
0.882,409,25
0.883,409,25
0.884,410,25
0.885,410,25
0.886,410,25
0.887,411,25
0.888,410,25
0.889,410,25
0.890,405,26
0.891,451,23
0.892,411,25
0.893,409,25
0.894,409,25
0.895,409,25
0.896,410,25
0.897,410,25
0.898,411,25
0.899,410,25
0.900,410,25
0.901,410,25
0.902,405,26
0.903,410,25
0.904,408,26
0.905,409,25
0.906,409,25
0.907,409,25
0.908,409,25
0.909,411,25
0.910,410,25
0.911,410,25
0.912,410,25
0.913,410,25
0.914,414,25
0.915,455,23
0.916,412,25
0.917,412,25
0.918,412,25
0.919,412,25
0.920,410,25
0.921,409,25
0.922,410,25
0.923,410,25
0.924,410,25
0.925,410,25
0.926,406,26
0.927,451,23
0.928,409,25
0.929,409,25
0.930,410,25
0.931,410,25
0.932,409,25
0.933,410,25
0.934,409,25
0.935,410,25
0.936,410,25
0.937,411,25
0.938,406,26
0.939,452,23
0.940,408,26
0.941,409,25
0.942,414,25
0.943,413,25
0.944,413,25
0.945,413,25
0.946,413,25
0.947,414,25
0.948,411,25
0.949,410,25
0.950,449,23
0.951,452,23
0.952,408,26
0.953,414,25
0.954,413,25
0.955,413,25
0.956,413,25
0.957,413,25
0.958,413,25
0.959,411,25
0.960,409,25
0.961,408,26
0.962,450,23
0.963,452,23
0.964,411,25
0.965,410,25
0.966,409,25
0.967,410,25
0.968,409,25
0.969,410,25
0.970,415,25
0.971,413,25
0.972,414,25
0.973,409,25
0.974,453,23
0.975,410,25
0.976,407,26
0.977,408,26
0.978,410,25
0.979,410,25
0.980,410,25
0.981,410,25
0.982,410,25
0.983,409,25
0.984,410,25
0.985,405,26
0.986,410,25
0.987,452,23
0.988,407,26
0.989,408,26
0.990,409,25
0.991,409,25
0.992,411,25
0.993,410,25
0.994,410,25
0.995,410,25
0.996,410,25
0.997,410,25
0.998,414,25
0.999,455,23
1.000,412,25
1.001,412,25
1.002,413,25
1.003,414,25
1.004,413,25
1.005,413,25
1.006,413,25
1.007,414,25
1.008,414,25
1.009,414,25
1.010,454,23
1.011,412,25
1.012,411,25
1.013,413,25
1.014,411,25
1.015,409,25
1.016,409,25
1.017,409,25
1.018,410,25
1.019,410,25
1.020,410,25
1.021,405,26
1.022,451,23
1.023,408,26
1.024,408,26
1.025,410,25
1.026,410,25
1.027,409,25
1.028,410,25
1.029,409,25
1.030,410,25
1.031,410,25
1.032,410,25
1.033,406,26
1.034,451,23
1.035,409,25
1.036,410,25
1.037,411,25
1.038,409,25
1.039,410,25
1.040,409,25
1.041,409,25
1.042,411,25
1.043,410,25
1.044,409,25
1.045,405,26
1.046,452,23
1.047,410,25
1.048,411,25
1.049,409,25
1.050,410,25
1.051,410,25
1.052,409,25
1.053,410,25
1.054,410,25
1.055,409,25
1.056,408,26
1.057,450,23
1.058,451,23
1.059,411,25
1.060,409,25
1.061,408,26
1.062,409,25
1.063,410,25
1.064,411,25
1.065,411,25
1.066,410,25
1.067,410,25
1.068,408,26
1.069,450,23
1.070,410,25
1.071,409,25
1.072,409,25
1.073,409,25
1.074,409,25
1.075,411,25
1.076,410,25
1.077,410,25
1.078,410,25
1.079,409,25
1.080,408,26
1.081,407,26
1.082,447,23
1.083,404,26
1.084,404,26
1.085,406,26
1.086,406,26
1.087,407,26
1.088,406,26
1.089,406,26
1.090,406,26
1.091,406,26
1.092,404,26
1.093,442,23
1.094,444,23
1.095,400,26
1.096,400,26
1.097,401,26
1.098,403,26
1.099,402,26
1.100,403,26
1.101,402,26
1.102,403,26
1.103,399,26
1.104,400,26
1.105,439,24
1.106,440,23
1.107,398,26
1.108,398,26
1.109,399,26
1.110,399,26
1.111,398,26
1.112,398,26
1.113,398,26
1.114,399,26
1.115,396,26
1.116,392,27
1.117,435,24
1.118,402,26
1.119,394,27
1.120,395,26
1.121,394,27
1.122,395,26
1.123,395,26
1.124,395,26
1.125,395,26
1.126,395,26
1.127,395,26
1.128,390,27
1.129,435,24
1.130,394,27
1.131,392,27
1.132,390,27
1.133,390,27
1.134,390,27
1.135,390,27
1.136,391,27
1.137,392,27
1.138,391,27
1.139,391,27
1.140,386,27
1.141,431,24
1.142,388,27
1.143,388,27
1.144,387,27
1.145,387,27
1.146,388,27
1.147,387,27
1.148,388,27
1.149,387,27
1.150,387,27
1.151,387,27
1.152,382,27
1.153,388,27
1.154,386,27
1.155,387,27
1.156,387,27
1.157,388,27
1.158,387,27
1.159,385,27
1.160,383,27
1.161,384,27
1.162,384,27
1.163,384,27
1.164,384,27
1.165,423,25
1.166,383,27
1.167,383,27
1.168,383,27
1.169,383,27
1.170,381,28
1.171,380,28
1.172,380,28
1.173,380,28
1.174,379,28
1.175,380,28
1.176,374,28
1.177,422,25
1.178,378,28
1.179,378,28
1.180,379,28
1.181,376,28
1.182,376,28
1.183,376,28
1.184,376,28
1.185,376,28
1.186,376,28
1.187,376,28
1.188,369,29
1.189,415,25
1.190,373,28
1.191,375,28
1.192,373,28
1.193,372,28
1.194,372,28
1.195,372,28
1.196,372,28
1.197,372,28
1.198,373,28
1.199,372,28
1.200,398,26
1.201,414,25
1.202,369,29
1.203,372,28
1.204,371,28
1.205,371,28
1.206,371,28
1.207,371,28
1.208,372,28
1.209,373,28
1.210,372,28
1.211,372,28
1.212,411,25
1.213,414,25
1.214,372,28
1.215,368,29
1.216,367,29
1.217,367,29
1.218,368,29
1.219,368,29
1.220,369,29
1.221,369,29
1.222,368,29
1.223,368,29
1.224,407,26
1.225,368,29
1.226,369,29
1.227,367,29
1.228,367,29
1.229,367,29
1.230,368,29
1.231,365,29
1.232,364,29
1.233,364,29
1.234,365,29
1.235,358,30
1.236,403,26
1.237,365,29
1.238,363,29
1.239,363,29
1.240,364,29
1.241,364,29
1.242,361,29
1.243,360,29
1.244,361,29
1.245,361,29
1.246,361,29
1.247,355,30
1.248,362,29
1.249,403,26
1.250,360,29
1.251,360,29
1.252,361,29
1.253,361,29
1.254,361,29
1.255,361,29
1.256,361,29
1.257,361,29
1.258,361,29
1.259,357,30
1.260,395,26
1.261,360,29
1.262,356,30
1.263,356,30
1.264,357,30
1.265,357,30
1.266,357,30
1.267,357,30
1.268,357,30
1.269,357,30
1.270,357,30
1.271,352,30
1.272,395,26
1.273,354,30
1.274,355,30
1.275,356,30
1.276,354,30
1.277,352,30
1.278,353,30
1.279,353,30
1.280,353,30
1.281,354,30
1.282,353,30
1.283,346,31
1.284,391,27
1.285,352,30
1.286,352,30
1.287,350,30
1.288,349,30
1.289,350,30
1.290,350,30
1.291,350,30
1.292,351,30
1.293,350,30
1.294,350,30
1.295,342,31
1.296,392,27
1.297,348,30
1.298,350,30
1.299,350,30
1.300,349,30
1.301,349,30
1.302,349,30
1.303,350,30
1.304,346,31
1.305,346,31
1.306,346,31
1.307,382,27
1.308,383,27
1.309,346,31
1.310,344,31
1.311,345,31
1.312,345,31
1.313,345,31
1.314,346,31
1.315,346,31
1.316,346,31
1.317,346,31
1.318,346,31
1.319,383,27
1.320,343,31
1.321,342,31
1.322,341,31
1.323,341,31
1.324,342,31
1.325,342,31
1.326,342,31
1.327,342,31
1.328,342,31
1.329,342,31
1.330,340,31
1.331,339,31
1.332,381,28
1.333,336,32
1.334,338,31
1.335,338,31
1.336,338,31
1.337,339,31
1.338,338,31
1.339,338,31
1.340,338,31
1.341,338,31
1.342,339,31
1.343,376,28
1.344,381,28
1.345,337,32
1.346,337,32
1.347,338,31
1.348,335,32
1.349,334,32
1.350,334,32
1.351,334,32
1.352,334,32
1.353,335,32
1.354,332,32
1.355,372,28
1.356,377,28
1.357,333,32
1.358,334,32
1.359,335,32
1.360,335,32
1.361,335,32
1.362,334,32
1.363,335,32
1.364,334,32
1.365,331,32
1.366,328,33
1.367,368,29
1.368,330,32
1.369,329,32
1.370,331,32
1.371,331,32
1.372,330,32
1.373,331,32
1.374,331,32
1.375,331,32
1.376,327,33
1.377,327,33
1.378,320,33
1.379,365,29
1.380,325,33
1.381,327,33
1.382,326,33
1.383,327,33
1.384,327,33
1.385,326,33
1.386,327,33
1.387,328,33
1.388,328,33
1.389,328,33
1.390,320,33
1.391,367,29
1.392,327,33
1.393,327,33
1.394,325,33
1.395,327,33
1.396,327,33
1.397,327,33
1.398,324,33
1.399,323,33
1.400,323,33
1.401,324,33
1.402,315,34
1.403,323,33
1.404,322,33
1.405,322,33
1.406,323,33
1.407,322,33
1.408,323,33
1.409,324,33
1.410,323,33
1.411,323,33
1.412,324,33
1.413,324,33
1.414,324,33
1.415,320,33
1.416,318,34
1.417,318,34
1.418,318,34
1.419,318,34
1.420,320,33
1.421,319,34
1.422,319,34
1.423,318,34
1.424,319,34
1.425,316,34
1.426,320,33
1.427,359,29
1.428,319,34
1.429,318,34
1.430,318,34
1.431,319,34
1.432,319,34
1.433,319,34
1.434,319,34
1.435,318,34
1.436,319,34
1.437,319,34
1.438,311,34
1.439,361,29
1.440,317,34
1.441,318,34
1.442,319,34
1.443,319,34
1.444,319,34
1.445,319,34
1.446,319,34
1.447,319,34
1.448,319,34
1.449,318,34
1.450,355,30
1.451,361,29
1.452,317,34
1.453,319,34
1.454,320,33
1.455,318,34
1.456,319,34
1.457,319,34
1.458,319,34
1.459,320,33
1.460,319,34
1.461,316,34
1.462,355,30
1.463,361,29
1.464,318,34
1.465,320,33
1.466,319,34
1.467,318,34
1.468,319,34
1.469,319,34
1.470,319,34
1.471,319,34
1.472,319,34
1.473,312,34
1.474,355,30
1.475,369,29
1.476,320,33
1.477,318,34
1.478,318,34
1.479,319,34
1.480,319,34
1.481,320,33
1.482,319,34
1.483,318,34
1.484,319,34
1.485,310,35
1.486,355,30
1.487,319,34
1.488,317,34
1.489,317,34
1.490,318,34
1.491,319,34
1.492,319,34
1.493,320,33
1.494,319,34
1.495,319,34
1.496,319,34
1.497,310,35
1.498,320,33
1.499,361,29
1.500,318,34
1.501,317,34
1.502,318,34
1.503,319,34
1.504,320,33
1.505,319,34
1.506,319,34
1.507,319,34
1.508,319,34
1.509,319,34
1.510,356,30
1.511,332,32
1.512,318,34
1.513,318,34
1.514,318,34
1.515,319,34
1.516,319,34
1.517,319,34
1.518,319,34
1.519,319,34
1.520,319,34
1.521,311,34
1.522,355,30
1.523,317,34
1.524,317,34
1.525,318,34
1.526,319,34
1.527,318,34
1.528,319,34
1.529,319,34
1.530,318,34
1.531,319,34
1.532,320,33
1.533,311,34
1.534,359,29
1.535,318,34
1.536,317,34
1.537,319,34
1.538,319,34
1.539,318,34
1.540,318,34
1.541,319,34
1.542,319,34
1.543,319,34
1.544,319,34
1.545,311,34
1.546,361,29
1.547,318,34
1.548,319,34
1.549,319,34
1.550,318,34
1.551,319,34
1.552,318,34
1.553,319,34
1.554,320,33
1.555,319,34
1.556,318,34
1.557,366,29
1.558,361,29
1.559,319,34
1.560,318,34
1.561,318,34
1.562,318,34
1.563,319,34
1.564,319,34
1.565,320,33
1.566,319,34
1.567,319,34
1.568,316,34
1.569,355,30
1.570,320,33
1.571,317,34
1.572,318,34
1.573,318,34
1.574,318,34
1.575,319,34
1.576,320,33
1.577,319,34
1.578,319,34
1.579,319,34
1.580,312,34
1.581,318,34
1.582,361,29
1.583,317,34
1.584,318,34
1.585,318,34
1.586,319,34
1.587,320,33
1.588,319,34
1.589,319,34
1.590,319,34
1.591,319,34
1.592,319,34
1.593,319,34
1.594,361,29
1.595,316,34
1.596,318,34
1.597,318,34
1.598,319,34
1.599,319,34
1.600,319,34
1.601,319,34
1.602,319,34
1.603,319,34
1.604,320,33
1.605,355,30
1.606,361,29
1.607,318,34
1.608,317,34
1.609,319,34
1.610,318,34
1.611,318,34
1.612,319,34
1.613,319,34
1.614,319,34
1.615,319,34
1.616,312,34
1.617,356,30
1.618,334,32
1.619,318,34
1.620,319,34
1.621,319,34
1.622,319,34
1.623,318,34
1.624,318,34
1.625,318,34
1.626,320,33
1.627,319,34
1.628,310,35
1.629,356,30
1.630,318,34
1.631,319,34
1.632,318,34
1.633,318,34
1.634,318,34
1.635,319,34
1.636,319,34
1.637,320,33
1.638,319,34
1.639,318,34
1.640,310,35
1.641,355,30
1.642,319,34
1.643,320,33
1.644,318,34
1.645,318,34
1.646,319,34
1.647,319,34
1.648,319,34
1.649,319,34
1.650,318,34
1.651,319,34
1.652,310,35
1.653,361,29
1.654,319,34
1.655,318,34
1.656,318,34
1.657,319,34
1.658,319,34
1.659,319,34
1.660,319,34
1.661,319,34
1.662,319,34
1.663,319,34
1.664,339,31
1.665,319,34
1.666,317,34
1.667,318,34
1.668,318,34
1.669,319,34
1.670,319,34
1.671,319,34
1.672,319,34
1.673,319,34
1.674,319,34
1.675,318,34
1.676,320,33
1.677,359,29
1.678,317,34
1.679,318,34
1.680,318,34
1.681,319,34
1.682,320,33
1.683,319,34
1.684,319,34
1.685,319,34
1.686,319,34
1.687,320,33
1.688,310,35
1.689,361,29
1.690,317,34
1.691,318,34
1.692,318,34
1.693,319,34
1.694,319,34
1.695,319,34
1.696,319,34
1.697,318,34
1.698,319,34
1.699,319,34
1.700,347,31
1.701,361,29
1.702,317,34
1.703,318,34
1.704,319,34
1.705,318,34
1.706,318,34
1.707,319,34
1.708,319,34
1.709,320,33
1.710,320,33
1.711,318,34
1.712,355,30
1.713,361,29
1.714,316,34
1.715,319,34
1.716,318,34
1.717,318,34
1.718,319,34
1.719,319,34
1.720,319,34
1.721,320,33
1.722,319,34
1.723,316,34
1.724,356,30
1.725,328,33
1.726,320,33
1.727,318,34
1.728,318,34
1.729,318,34
1.730,318,34
1.731,319,34
1.732,319,34
1.733,319,34
1.734,318,34
1.735,311,34
1.736,357,30
1.737,320,33
1.738,317,34
1.739,317,34
1.740,319,34
1.741,319,34
1.742,319,34
1.743,319,34
1.744,319,34
1.745,319,34
1.746,319,34
1.747,310,35
1.748,319,34
1.749,361,29
1.750,317,34
1.751,318,34
1.752,318,34
1.753,318,34
1.754,320,33
1.755,319,34
1.756,319,34
1.757,318,34
1.758,319,34
1.759,319,34
1.760,355,30
1.761,324,33
1.762,318,34
1.763,319,34
1.764,318,34
1.765,319,34
1.766,319,34
1.767,319,34
1.768,319,34
1.769,319,34
1.770,319,34
1.771,311,34
1.772,357,30
1.773,317,34
1.774,317,34
1.775,318,34
1.776,320,33
1.777,319,34
1.778,319,34
1.779,318,34
1.780,319,34
1.781,319,34
1.782,319,34
1.783,310,35
1.784,355,30
1.785,317,34
1.786,318,34
1.787,319,34
1.788,319,34
1.789,318,34
1.790,318,34
1.791,318,34
1.792,319,34
1.793,319,34
1.794,319,34
1.795,311,34
1.796,359,29
1.797,317,34
1.798,319,34
1.799,318,34
1.800,318,34
1.801,319,34
1.802,318,34
1.803,319,34
1.804,319,34
1.805,320,33
1.806,319,34
1.807,339,31
1.808,362,29
1.809,319,34
1.810,318,34
1.811,318,34
1.812,318,34
1.813,318,34
1.814,319,34
1.815,320,33
1.816,319,34
1.817,319,34
1.818,318,34
1.819,356,30
1.820,319,34
1.821,320,33
1.822,317,34
1.823,318,34
1.824,318,34
1.825,318,34
1.826,319,34
1.827,319,34
1.828,319,34
1.829,319,34
1.830,316,34
1.831,355,30
1.832,319,34
1.833,318,34
1.834,318,34
1.835,318,34
1.836,318,34
1.837,319,34
1.838,319,34
1.839,319,34
1.840,319,34
1.841,319,34
1.842,312,34
1.843,319,34
1.844,361,29
1.845,317,34
1.846,318,34
1.847,319,34
1.848,320,33
1.849,319,34
1.850,319,34
1.851,319,34
1.852,319,34
1.853,318,34
1.854,319,34
1.855,356,30
1.856,361,29
1.857,317,34
1.858,318,34
1.859,319,34
1.860,320,33
1.861,319,34
1.862,318,34
1.863,319,34
1.864,319,34
1.865,320,33
1.866,316,34
1.867,356,30
1.868,361,29
1.869,318,34
1.870,319,34
1.871,319,34
1.872,318,34
1.873,319,34
1.874,319,34
1.875,319,34
1.876,320,33
1.877,319,34
1.878,312,34
1.879,355,30
1.880,316,34
1.881,317,34
1.882,320,33
1.883,318,34
1.884,319,34
1.885,319,34
1.886,319,34
1.887,319,34
1.888,319,34
1.889,319,34
1.890,310,35
1.891,359,29
1.892,319,34
1.893,316,34
1.894,314,34
1.895,314,34
1.896,314,34
1.897,315,34
1.898,315,34
1.899,315,34
1.900,315,34
1.901,315,34
1.902,306,35
1.903,351,30
1.904,316,34
1.905,314,34
1.906,315,34
1.907,314,34
1.908,315,34
1.909,315,34
1.910,315,34
1.911,315,34
1.912,315,34
1.913,315,34
1.914,306,35
1.915,312,34
1.916,310,35
1.917,310,35
1.918,310,35
1.919,311,34
1.920,310,35
1.921,312,34
1.922,311,34
1.923,311,34
1.924,311,34
1.925,312,34
1.926,308,35
1.927,350,30
1.928,306,35
1.929,306,35
1.930,307,35
1.931,307,35
1.932,308,35
1.933,307,35
1.934,307,35
1.935,307,35
1.936,307,35
1.937,308,35
1.938,299,36
1.939,350,30
1.940,306,35
1.941,307,35
1.942,307,35
1.943,304,35
1.944,303,36
1.945,303,36
1.946,304,35
1.947,303,36
1.948,304,35
1.949,304,35
1.950,294,37
1.951,346,31
1.952,301,36
1.953,303,36
1.954,304,35
1.955,303,36
1.956,303,36
1.957,303,36
1.958,303,36
1.959,303,36
1.960,300,36
1.961,300,36
1.962,336,32
1.963,343,31
1.964,298,36
1.965,301,36
1.966,299,36
1.967,299,36
1.968,299,36
1.969,300,36
1.970,300,36
1.971,297,36
1.972,296,36
1.973,296,36
1.974,332,32
1.975,338,31
1.976,297,36
1.977,295,37
1.978,295,37
1.979,296,36
1.980,296,36
1.981,296,36
1.982,293,37
1.983,292,37
1.984,292,37
1.985,288,38
1.986,328,33
1.987,292,37
1.988,290,37
1.989,290,37
1.990,291,37
1.991,291,37
1.992,291,37
1.993,293,37
1.994,292,37
1.995,292,37
1.996,292,37
1.997,282,38
1.998,292,37
1.999,290,37
2.000,287,38
2.001,288,38
2.002,288,38
2.003,288,38
2.004,289,37
2.005,288,38
2.006,288,38
2.007,289,37
2.008,288,38
2.009,289,37
2.010,285,38
2.011,283,38
2.012,283,38
2.013,284,38
2.014,284,38
2.015,285,38
2.016,284,38
2.017,284,38
2.018,284,38
2.019,285,38
2.020,284,38
2.021,281,39
2.022,319,34
2.023,279,39
2.024,279,39
2.025,279,39
2.026,281,39
2.027,281,39
2.028,280,39
2.029,280,39
2.030,280,39
2.031,281,39
2.032,282,38
2.033,271,40
2.034,319,34
2.035,279,39
2.036,280,39
2.037,281,39
2.038,277,39
2.039,276,39
2.040,277,39
2.041,276,39
2.042,277,39
2.043,277,39
2.044,277,39
2.045,306,35
2.046,319,34
2.047,275,40
2.048,277,39
2.049,278,39
2.050,277,39
2.051,277,39
2.052,276,39
2.053,276,39
2.054,277,39
2.055,277,39
2.056,276,39
2.057,312,34
2.058,320,33
2.059,276,39
2.060,273,40
2.061,272,40
2.062,273,40
2.063,273,40
2.064,272,40
2.065,273,40
2.066,273,40
2.067,273,40
2.068,272,40
2.069,308,35
2.070,316,34
2.071,273,40
2.072,272,40
2.073,273,40
2.074,273,40
2.075,272,40
2.076,269,40
2.077,270,40
2.078,269,40
2.079,269,40
2.080,258,42
2.081,307,35
2.082,270,40
2.083,267,41
2.084,268,41
2.085,268,41
2.086,269,40
2.087,270,40
2.088,270,40
2.089,269,40
2.090,269,40
2.091,269,40
2.092,258,42
2.093,266,41
2.094,309,35
2.095,264,41
2.096,264,41
2.097,264,41
2.098,265,41
2.099,266,41
2.100,265,41
2.101,265,41
2.102,265,41
2.103,265,41
2.104,266,41
2.105,301,36
2.106,264,41
2.107,264,41
2.108,264,41
2.109,264,41
2.110,265,41
2.111,264,41
2.112,264,41
2.113,265,41
2.114,265,41
2.115,262,42
2.116,256,43
2.117,303,36
2.118,260,42
2.119,260,42
2.120,260,42
2.121,262,42
2.122,261,42
2.123,261,42
2.124,261,42
2.125,262,42
2.126,262,42
2.127,262,42
2.128,281,39
2.129,305,35
2.130,259,42
2.131,261,42
2.132,261,42
2.133,261,42
2.134,261,42
2.135,261,42
2.136,261,42
2.137,261,42
2.138,257,43
2.139,256,43
2.140,292,37
2.141,300,36
2.142,255,43
2.143,257,43
2.144,256,43
2.145,256,43
2.146,256,43
2.147,257,43
2.148,256,43
2.149,257,43
2.150,257,43
2.151,256,43
2.152,291,37
2.153,300,36
2.154,257,43
2.155,256,43
2.156,257,43
2.157,256,43
2.158,256,43
2.159,256,43
2.160,258,42
2.161,256,43
2.162,257,43
2.163,256,43
2.164,291,37
2.165,253,43
2.166,251,44
2.167,252,44
2.168,253,43
2.169,253,43
2.170,253,43
2.171,253,43
2.172,253,43
2.173,252,44
2.174,252,44
2.175,241,46
2.176,253,43
2.177,256,43
2.178,252,44
2.179,252,44
2.180,253,43
2.181,252,44
2.182,254,43
2.183,253,43
2.184,252,44
2.185,252,44
2.186,253,43
2.187,253,43
2.188,254,43
2.189,252,44
2.190,252,44
2.191,252,44
2.192,252,44
2.193,253,43
2.194,253,43
2.195,253,43
2.196,252,44
2.197,253,43
2.198,253,43
2.199,253,43
2.200,287,38
2.201,252,44
2.202,251,44
2.203,252,44
2.204,254,43
2.205,253,43
2.206,253,43
2.207,252,44
2.208,253,43
2.209,253,43
2.210,253,43
2.211,242,45
2.212,296,36
2.213,251,44
2.214,252,44
2.215,253,43
2.216,253,43
2.217,252,44
2.218,252,44
2.219,253,43
2.220,253,43
2.221,254,43
2.222,252,44
2.223,287,38
2.224,296,36
2.225,251,44
2.226,253,43
2.227,253,43
2.228,252,44
2.229,252,44
2.230,252,44
2.231,253,43
2.232,253,43
2.233,253,43
2.234,248,44
2.235,287,38
2.236,254,43
2.237,253,43
2.238,253,43
2.239,253,43
2.240,253,43
2.241,252,44
2.242,252,44
2.243,254,43
2.244,253,43
2.245,253,43
2.246,241,46
2.247,287,38
2.248,252,44
2.249,254,43
2.250,252,44
2.251,252,44
2.252,252,44
2.253,252,44
2.254,254,43
2.255,253,43
2.256,253,43
2.257,253,43
2.258,241,46
2.259,287,38
2.260,253,43
2.261,252,44
2.262,252,44
2.263,253,43
2.264,252,44
2.265,253,43
2.266,252,44
2.267,253,43
2.268,252,44
2.269,253,43
2.270,241,46
2.271,253,43
2.272,252,44
2.273,251,44
2.274,252,44
2.275,253,43
2.276,254,43
2.277,254,43
2.278,253,43
2.279,252,44
2.280,253,43
2.281,252,44
2.282,253,43
2.283,287,38
2.284,251,44
2.285,252,44
2.286,252,44
2.287,253,43
2.288,254,43
2.289,252,44
2.290,253,43
2.291,253,43
2.292,253,43
2.293,253,43
2.294,287,38
2.295,296,36
2.296,251,44
2.297,252,44
2.298,252,44
2.299,253,43
2.300,253,43
2.301,252,44
2.302,253,43
2.303,253,43
2.304,254,43
2.305,252,44
2.306,287,38
2.307,296,36
2.308,251,44
2.309,251,44
2.310,254,43
2.311,253,43
2.312,252,44
2.313,253,43
2.314,252,44
2.315,253,43
2.316,253,43
2.317,248,44
2.318,287,38
2.319,251,44
2.320,252,44
2.321,253,43
2.322,252,44
2.323,253,43
2.324,253,43
2.325,253,43
2.326,252,44
2.327,253,43
2.328,253,43
2.329,241,46
2.330,287,38
2.331,252,44
2.332,254,43
2.333,253,43
2.334,252,44
2.335,252,44
2.336,253,43
2.337,253,43
2.338,253,43
2.339,253,43
2.340,252,44
2.341,241,46
2.342,287,38
2.343,253,43
2.344,252,44
2.345,253,43
2.346,253,43
2.347,252,44
2.348,252,44
2.349,253,43
2.350,252,44
2.351,253,43
2.352,253,43
2.353,284,38
2.354,253,43
2.355,252,44
2.356,252,44
2.357,252,44
2.358,252,44
2.359,253,43
2.360,254,43
2.361,253,43
2.362,253,43
2.363,253,43
2.364,248,44
2.365,253,43
2.366,296,36
2.367,251,44
2.368,252,44
2.369,252,44
2.370,253,43
2.371,254,43
2.372,252,44
2.373,253,43
2.374,253,43
2.375,253,43
2.376,253,43
2.377,253,43
2.378,295,37
2.379,250,44
2.380,252,44
2.381,252,44
2.382,253,43
2.383,253,43
2.384,253,43
2.385,253,43
2.386,252,44
2.387,253,43
2.388,253,43
2.389,287,38
2.390,295,37
2.391,252,44
2.392,252,44
2.393,254,43
2.394,253,43
2.395,252,44
2.396,253,43
2.397,253,43
2.398,253,43
2.399,253,43
2.400,242,45
2.401,287,38
2.402,252,44
2.403,252,44
2.404,253,43
2.405,253,43
2.406,252,44
2.407,252,44
2.408,252,44
2.409,253,43
2.410,254,43
2.411,253,43
2.412,241,46
2.413,287,38
2.414,252,44
2.415,253,43
2.416,254,43
2.417,252,44
2.418,252,44
2.419,252,44
2.420,252,44
2.421,254,43
2.422,253,43
2.423,253,43
2.424,242,45
2.425,287,38
2.426,251,44
2.427,254,43
2.428,252,44
2.429,252,44
2.430,252,44
2.431,253,43
2.432,253,43
2.433,253,43
2.434,252,44
2.435,252,44
2.436,287,38
2.437,295,37
2.438,253,43
2.439,252,44
2.440,252,44
2.441,252,44
2.442,252,44
2.443,253,43
2.444,253,43
2.445,253,43
2.446,252,44
2.447,242,45
2.448,287,38
2.449,253,43
2.450,252,44
2.451,252,44
2.452,253,43
2.453,253,43
2.454,253,43
2.455,253,43
2.456,253,43
2.457,253,43
2.458,253,43
2.459,241,46
2.460,253,43
2.461,295,37
2.462,251,44
2.463,251,44
2.464,252,44
2.465,253,43
2.466,253,43
2.467,253,43
2.468,253,43
2.469,252,44
2.470,253,43
2.471,254,43
2.472,287,38
2.473,296,36
2.474,252,44
2.475,252,44
2.476,252,44
2.477,254,43
2.478,253,43
2.479,253,43
2.480,253,43
2.481,253,43
2.482,253,43
2.483,242,45
2.484,287,38
2.485,251,44
2.486,251,44
2.487,252,44
2.488,253,43
2.489,253,43
2.490,252,44
2.491,252,44
2.492,253,43
2.493,253,43
2.494,253,43
2.495,242,45
2.496,287,38
2.497,252,44
2.498,252,44
2.499,253,43
2.500,252,44
2.501,252,44
2.502,253,43
2.503,252,44
2.504,253,43
2.505,254,43
2.506,253,43
2.507,242,45
2.508,296,36
2.509,251,44
2.510,254,43
2.511,252,44
2.512,252,44
2.513,252,44
2.514,253,43
2.515,253,43
2.516,253,43
2.517,253,43
2.518,253,43
2.519,287,38
2.520,295,37
2.521,253,43
2.522,252,44
2.523,252,44
2.524,252,44
2.525,253,43
2.526,252,44
2.527,253,43
2.528,253,43
2.529,253,43
2.530,248,44
2.531,287,38
2.532,254,43
2.533,251,44
2.534,252,44
2.535,252,44
2.536,253,43
2.537,253,43
2.538,249,44
2.539,248,44
2.540,249,44
2.541,249,44
2.542,237,47
2.543,249,44
2.544,293,37
2.545,247,44
2.546,248,44
2.547,248,44
2.548,248,44
2.549,250,44
2.550,249,44
2.551,249,44
2.552,248,44
2.553,249,44
2.554,249,44
2.555,249,44
2.556,256,43
2.557,248,44
2.558,248,44
2.559,249,44
2.560,246,45
2.561,245,45
2.562,245,45
2.563,245,45
2.564,245,45
2.565,245,45
2.566,245,45
2.567,279,39
2.568,242,45
2.569,243,45
2.570,244,45
2.571,245,45
2.572,244,45
2.573,245,45
2.574,245,45
2.575,245,45
2.576,245,45
2.577,246,45
2.578,234,47
2.579,279,39
2.580,244,45
2.581,243,45
2.582,241,46
2.583,240,46
2.584,240,46
2.585,241,46
2.586,241,46
2.587,241,46
2.588,242,45
2.589,242,45
2.590,229,48
2.591,284,38
2.592,239,46
2.593,241,46
2.594,240,46
2.595,241,46
2.596,241,46
2.597,241,46
2.598,241,46
2.599,242,45
2.600,241,46
2.601,241,46
2.602,275,40
2.603,284,38
2.604,241,46
2.605,237,47
2.606,236,47
2.607,236,47
2.608,237,47
2.609,236,47
2.610,237,47
2.611,237,47
2.612,238,46
2.613,232,48
2.614,271,40
2.615,241,46
2.616,238,46
2.617,236,47
2.618,237,47
2.619,237,47
2.620,237,47
2.621,234,47
2.622,234,47
2.623,233,47
2.624,233,47
2.625,224,50
2.626,267,41
2.627,234,47
2.628,232,48
2.629,233,47
2.630,233,47
2.631,233,47
2.632,234,47
2.633,233,47
2.634,233,47
2.635,233,47
2.636,234,47
2.637,221,50
2.638,234,47
2.639,236,47
2.640,233,47
2.641,233,47
2.642,233,47
2.643,234,47
2.644,230,48
2.645,229,48
2.646,229,48
2.647,230,48
2.648,230,48
2.649,229,48
2.650,263,42
2.651,227,49
2.652,228,49
2.653,229,48
2.654,229,48
2.655,230,48
2.656,230,48
2.657,229,48
2.658,230,48
2.659,229,48
2.660,226,49
2.661,213,52
2.662,268,41
2.663,225,49
2.664,224,50
2.665,225,49
2.666,226,49
2.667,226,49
2.668,226,49
2.669,226,49
2.670,225,49
2.671,226,49
2.672,226,49
2.673,213,52
2.674,268,41
2.675,224,50
2.676,225,49
2.677,226,49
2.678,225,49
2.679,226,49
2.680,226,49
2.681,225,49
2.682,226,49
2.683,226,49
2.684,224,50
2.685,259,42
2.686,268,41
2.687,225,49
2.688,222,50
2.689,221,50
2.690,221,50
2.691,221,50
2.692,222,50
2.693,222,50
2.694,223,50
2.695,222,50
2.696,209,53
2.697,255,43
2.698,222,50
2.699,223,50
2.700,221,50
2.701,222,50
2.702,222,50
2.703,222,50
2.704,221,50
2.705,222,50
2.706,222,50
2.707,222,50
2.708,209,53
2.709,255,43
2.710,218,51
2.711,217,51
2.712,217,51
2.713,218,51
2.714,217,51
2.715,217,51
2.716,219,51
2.717,218,51
2.718,218,51
2.719,218,51
2.720,205,55
2.721,218,51
2.722,217,51
2.723,216,52
2.724,217,51
2.725,218,51
2.726,218,51
2.727,218,51
2.728,218,51
2.729,217,51
2.730,218,51
2.731,218,51
2.732,218,51
2.733,255,43
2.734,217,51
2.735,216,52
2.736,217,51
2.737,218,51
2.738,219,51
2.739,218,51
2.740,217,51
2.741,218,51
2.742,218,51
2.743,218,51
2.744,219,51
2.745,255,43
2.746,216,52
2.747,216,52
2.748,217,51
2.749,215,52
2.750,214,52
2.751,213,52
2.752,214,52
2.753,214,52
2.754,214,52
2.755,214,52
2.756,234,47
2.757,255,43
2.758,212,53
2.759,213,52
2.760,214,52
2.761,213,52
2.762,214,52
2.763,214,52
2.764,214,52
2.765,214,52
2.766,215,52
2.767,208,54
2.768,247,44
2.769,257,43
2.770,213,52
2.771,214,52
2.772,214,52
2.773,214,52
2.774,214,52
2.775,214,52
2.776,214,52
2.777,215,52
2.778,214,52
2.779,201,56
2.780,247,44
2.781,213,52
2.782,214,52
2.783,215,52
2.784,214,52
2.785,213,52
2.786,214,52
2.787,214,52
2.788,214,52
2.789,214,52
2.790,213,52
2.791,201,56
2.792,247,44
2.793,213,52
2.794,214,52
2.795,213,52
2.796,214,52
2.797,214,52
2.798,213,52
2.799,215,52
2.800,214,52
2.801,214,52
2.802,214,52
2.803,231,48
2.804,255,43
2.805,215,52
2.806,213,52
2.807,214,52
2.808,213,52
2.809,214,52
2.810,214,52
2.811,214,52
2.812,214,52
2.813,214,52
2.814,214,52
2.815,247,44
2.816,214,52
2.817,214,52
2.818,213,52
2.819,213,52
2.820,214,52
2.821,215,52
2.822,214,52
2.823,214,52
2.824,214,52
2.825,214,52
2.826,208,54
2.827,214,52
2.828,255,43
2.829,213,52
2.830,214,52
2.831,214,52
2.832,214,52
2.833,215,52
2.834,214,52
2.835,214,52
2.836,214,52
2.837,214,52
2.838,215,52
2.839,247,44
2.840,255,43
2.841,212,53
2.842,213,52
2.843,214,52
2.844,215,52
2.845,213,52
2.846,214,52
2.847,213,52
2.848,214,52
2.849,215,52
2.850,208,54
2.851,246,45
2.852,217,51
2.853,213,52
2.854,214,52
2.855,214,52
2.856,214,52
2.857,214,52
2.858,214,52
2.859,214,52
2.860,215,52
2.861,214,52
2.862,201,56
2.863,247,44
2.864,212,53
2.865,212,53
2.866,215,52
2.867,214,52
2.868,214,52
2.869,214,52
2.870,214,52
2.871,214,52
2.872,215,52
2.873,214,52
2.874,202,56
2.875,247,44
2.876,213,52
2.877,214,52
2.878,213,52
2.879,213,52
2.880,213,52
2.881,213,52
2.882,213,52
2.883,215,52
2.884,214,52
2.885,214,52
2.886,246,45
2.887,255,43
2.888,214,52
2.889,213,52
2.890,213,52
2.891,214,52
2.892,213,52
2.893,213,52
2.894,215,52
2.895,214,52
2.896,214,52
2.897,212,53
2.898,246,45
2.899,215,52
2.900,212,53
2.901,213,52
2.902,213,52
2.903,214,52
2.904,214,52
2.905,215,52
2.906,214,52
2.907,214,52
2.908,214,52
2.909,208,54
2.910,215,52
2.911,255,43
2.912,213,52
2.913,213,52
2.914,213,52
2.915,213,52
2.916,215,52
2.917,214,52
2.918,214,52
2.919,213,52
2.920,214,52
2.921,214,52
2.922,247,44
2.923,257,43
2.924,214,52
2.925,213,52
2.926,214,52
2.927,215,52
2.928,214,52
2.929,214,52
2.930,214,52
2.931,214,52
2.932,214,52
2.933,215,52
2.934,246,45
2.935,213,52
2.936,212,53
2.937,214,52
2.938,215,52
2.939,214,52
2.940,214,52
2.941,214,52
2.942,214,52
2.943,213,52
2.944,215,52
2.945,201,56
2.946,247,44
2.947,213,52
2.948,213,52
2.949,215,52
2.950,214,52
2.951,214,52
2.952,214,52
2.953,214,52
2.954,214,52
2.955,215,52
2.956,214,52
2.957,201,56
2.958,255,43
2.959,212,53
2.960,214,52
2.961,213,52
2.962,214,52
2.963,214,52
2.964,214,52
2.965,214,52
2.966,215,52
2.967,214,52
2.968,214,52
2.969,246,45
2.970,255,43
2.971,214,52
2.972,215,52
2.973,213,52
2.974,214,52
2.975,214,52
2.976,214,52
2.977,215,52
2.978,214,52
2.979,214,52
2.980,208,54
2.981,247,44
2.982,223,50
2.983,214,52
2.984,213,52
2.985,213,52
2.986,214,52
2.987,214,52
2.988,215,52
2.989,214,52
2.990,214,52
2.991,214,52
2.992,201,56
2.993,247,44
2.994,215,52
2.995,214,52
2.996,213,52
2.997,214,52
2.998,213,52
2.999,214,52
3.000,214,52
3.001,214,52
3.002,214,52
3.003,214,52
3.004,201,56
3.005,215,52
3.006,216,52
3.007,214,52
3.008,214,52
3.009,214,52
3.010,214,52
3.011,215,52
3.012,214,52
3.013,213,52
3.014,213,52
3.015,213,52
3.016,214,52
3.017,247,44
3.018,212,53
3.019,212,53
3.020,213,52
3.021,214,52
3.022,215,52
3.023,214,52
3.024,213,52
3.025,213,52
3.026,214,52
3.027,215,52
3.028,201,56
3.029,247,44
3.030,214,52
3.031,213,52
3.032,214,52
3.033,215,52
3.034,214,52
3.035,213,52
3.036,214,52
3.037,213,52
3.038,214,52
3.039,214,52
3.040,244,45
3.041,255,43
3.042,212,53
3.043,213,52
3.044,215,52
3.045,214,52
3.046,213,52
3.047,213,52
3.048,214,52
3.049,214,52
3.050,214,52
3.051,212,53
3.052,246,45
3.053,255,43
3.054,214,52
3.055,215,52
3.056,214,52
3.057,214,52
3.058,213,52
3.059,214,52
3.060,214,52
3.061,215,52
3.062,214,52
3.063,208,54
3.064,246,45
3.065,215,52
3.066,215,52
3.067,214,52
3.068,213,52
3.069,214,52
3.070,213,52
3.071,214,52
3.072,215,52
3.073,214,52
3.074,214,52
3.075,201,56
3.076,247,44
3.077,215,52
3.078,214,52
3.079,213,52
3.080,213,52
3.081,214,52
3.082,213,52
3.083,214,52
3.084,213,52
3.085,214,52
3.086,214,52
3.087,201,56
3.088,215,52
3.089,213,52
3.090,213,52
3.091,213,52
3.092,213,52
3.093,214,52
3.094,215,52
3.095,214,52
3.096,213,52
3.097,214,52
3.098,214,52
3.099,214,52
3.100,247,44
3.101,213,52
3.102,212,53
3.103,214,52
3.104,214,52
3.105,215,52
3.106,214,52
3.107,213,52
3.108,214,52
3.109,214,52
3.110,214,52
3.111,210,53
3.112,247,44
3.113,210,53
3.114,209,53
3.115,210,53
3.116,214,52
3.117,214,52
3.118,213,52
3.119,214,52
3.120,214,52
3.121,214,52
3.122,215,52
3.123,247,44
3.124,255,43
3.125,212,53
3.126,213,52
3.127,214,52
3.128,214,52
3.129,214,52
3.130,213,52
3.131,214,52
3.132,214,52
3.133,214,52
3.134,212,53
3.135,247,44
3.136,255,43
3.137,213,52
3.138,214,52
3.139,214,52
3.140,214,52
3.141,214,52
3.142,214,52
3.143,214,52
3.144,214,52
3.145,214,52
3.146,208,54
3.147,246,45
3.148,213,52
3.149,214,52
3.150,213,52
3.151,213,52
3.152,214,52
3.153,214,52
3.154,214,52
3.155,215,52
3.156,214,52
3.157,214,52
3.158,201,56
3.159,247,44
3.160,214,52
3.161,214,52
3.162,214,52
3.163,214,52
3.164,214,52
3.165,213,52
3.166,215,52
3.167,214,52
3.168,214,52
3.169,214,52
3.170,201,56
3.171,255,43
3.172,214,52
3.173,213,52
3.174,214,52
3.175,214,52
3.176,213,52
3.177,214,52
3.178,214,52
3.179,214,52
3.180,214,52
3.181,214,52
3.182,247,44
3.183,214,52
3.184,213,52
3.185,213,52
3.186,213,52
3.187,213,52
3.188,214,52
3.189,214,52
3.190,213,52
3.191,214,52
3.192,214,52
3.193,212,53
3.194,214,52
3.195,255,43
3.196,212,53
3.197,213,52
3.198,214,52
3.199,214,52
3.200,215,52
3.201,214,52
3.202,214,52
3.203,214,52
3.204,214,52
3.205,215,52
3.206,247,44
3.207,255,43
3.208,212,53
3.209,213,52
3.210,214,52
3.211,219,51
3.212,218,51
3.213,217,51
3.214,217,51
3.215,218,51
3.216,218,51
3.217,216,52
3.218,251,44
3.219,260,42
3.220,217,51
3.221,217,51
3.222,219,51
3.223,218,51
3.224,217,51
3.225,217,51
3.226,218,51
3.227,218,51
3.228,218,51
3.229,208,54
3.230,250,44
3.231,217,51
3.232,217,51
3.233,222,50
3.234,221,50
3.235,222,50
3.236,221,50
3.237,221,50
3.238,222,50
3.239,223,50
3.240,221,50
3.241,208,54
3.242,255,43
3.243,221,50
3.244,222,50
3.245,221,50
3.246,221,50
3.247,222,50
3.248,222,50
3.249,222,50
3.250,227,49
3.251,226,49
3.252,225,49
3.253,213,52
3.254,269,40
3.255,226,49
3.256,225,49
3.257,225,49
3.258,225,49
3.259,225,49
3.260,226,49
3.261,226,49
3.262,226,49
3.263,226,49
3.264,226,49
3.265,259,42
3.266,230,48
3.267,229,48
3.268,229,48
3.269,229,48
3.270,229,48
3.271,229,48
3.272,230,48
3.273,230,48
3.274,230,48
3.275,230,48
3.276,224,50
3.277,230,48
3.278,277,39
3.279,232,48
3.280,233,47
3.281,232,48
3.282,232,48
3.283,234,47
3.284,233,47
3.285,233,47
3.286,233,47
3.287,234,47
3.288,234,47
3.289,272,40
3.290,281,39
3.291,235,47
3.292,236,47
3.293,237,47
3.294,238,46
3.295,237,47
3.296,237,47
3.297,237,47
3.298,237,47
3.299,237,47
3.300,242,45
3.301,275,40
3.302,296,36
3.303,241,46
3.304,240,46
3.305,242,45
3.306,241,46
3.307,241,46
3.308,240,46
3.309,240,46
3.310,241,46
3.311,242,45
3.312,229,48
3.313,275,40
3.314,240,46
3.315,240,46
3.316,246,45
3.317,245,45
3.318,245,45
3.319,245,45
3.320,245,45
3.321,245,45
3.322,246,45
3.323,245,45
3.324,234,47
3.325,287,38
3.326,243,45
3.327,245,45
3.328,248,44
3.329,248,44
3.330,249,44
3.331,249,44
3.332,249,44
3.333,253,43
3.334,253,43
3.335,253,43
3.336,283,38
3.337,296,36
3.338,253,43
3.339,254,43
3.340,252,44
3.341,253,43
3.342,252,44
3.343,253,43
3.344,258,42
3.345,257,43
3.346,257,43
3.347,256,43
3.348,291,37
3.349,299,36
3.350,257,43
3.351,256,43
3.352,256,43
3.353,256,43
3.354,256,43
3.355,262,42
3.356,261,42
3.357,262,42
3.358,261,42
3.359,256,43
3.360,297,36
3.361,266,41
3.362,263,42
3.363,264,41
3.364,264,41
3.365,264,41
3.366,266,41
3.367,265,41
3.368,265,41
3.369,265,41
3.370,265,41
3.371,256,43
3.372,269,40
3.373,312,34
3.374,268,41
3.375,268,41
3.376,268,41
3.377,269,40
3.378,270,40
3.379,268,41
3.380,269,40
3.381,269,40
3.382,269,40
3.383,274,40
3.384,308,35
3.385,282,38
3.386,272,40
3.387,272,40
3.388,273,40
3.389,277,39
3.390,276,39
3.391,276,39
3.392,276,39
3.393,277,39
3.394,281,39
3.395,271,40
3.396,317,34
3.397,279,39
3.398,279,39
3.399,280,39
3.400,282,38
3.401,280,39
3.402,280,39
3.403,281,39
3.404,280,39
3.405,285,38
3.406,284,38
3.407,274,40
3.408,319,34
3.409,283,38
3.410,284,38
3.411,289,37
3.412,288,38
3.413,288,38
3.414,288,38
3.415,288,38
3.416,293,37
3.417,292,37
3.418,292,37
3.419,330,32
3.420,335,32
3.421,290,37
3.422,293,37
3.423,291,37
3.424,291,37
3.425,292,37
3.426,292,37
3.427,292,37
3.428,296,36
3.429,296,36
3.430,296,36
3.431,332,32
3.432,339,31
3.433,300,36
3.434,299,36
3.435,299,36
3.436,300,36
3.437,300,36
3.438,300,36
3.439,304,35
3.440,304,35
3.441,304,35
3.442,304,35
3.443,339,31
3.444,309,35
3.445,305,35
3.446,306,35
3.447,307,35
3.448,307,35
3.449,307,35
3.450,312,34
3.451,311,34
3.452,311,34
3.453,311,34
3.454,303,36
3.455,316,34
3.456,358,30
3.457,314,34
3.458,314,34
3.459,314,34
3.460,315,34
3.461,319,34
3.462,318,34
3.463,319,34
3.464,319,34
3.465,318,34
3.466,320,33
3.467,361,29
3.468,366,29
3.469,322,33
3.470,322,33
3.471,322,33
3.472,327,33
3.473,327,33
3.474,326,33
3.475,327,33
3.476,327,33
3.477,327,33
3.478,336,32
3.479,375,28
3.480,333,32
3.481,333,32
3.482,333,32
3.483,339,31
3.484,338,31
3.485,338,31
3.486,338,31
3.487,338,31
3.488,338,31
3.489,343,31
3.490,335,32
3.491,383,27
3.492,342,31
3.493,340,31
3.494,347,31
3.495,346,31
3.496,346,31
3.497,346,31
3.498,345,31
3.499,345,31
3.500,351,30
3.501,350,30
3.502,342,31
3.503,393,27
3.504,348,30
3.505,350,30
3.506,357,30
3.507,357,30
3.508,357,30
3.509,357,30
3.510,357,30
3.511,361,29
3.512,361,29
3.513,361,29
3.514,389,27
3.515,404,26
3.516,361,29
3.517,364,29
3.518,364,29
3.519,364,29
3.520,364,29
3.521,365,29
3.522,373,28
3.523,372,28
3.524,372,28
3.525,372,28
3.526,412,25
3.527,372,28
3.528,377,28
3.529,375,28
3.530,375,28
3.531,376,28
3.532,376,28
3.533,385,27
3.534,384,27
3.535,384,27
3.536,384,27
3.537,384,27
3.538,423,25
3.539,388,27
3.540,386,27
3.541,387,27
3.542,387,27
3.543,387,27
3.544,392,27
3.545,392,27
3.546,391,27
3.547,391,27
3.548,392,27
3.549,387,27
3.550,400,26
3.551,441,23
3.552,396,26
3.553,397,26
3.554,398,26
3.555,399,26
3.556,402,26
3.557,402,26
3.558,402,26
3.559,402,26
3.560,403,26
3.561,411,25
3.562,451,23
3.563,503,20
3.564,409,25
3.565,409,25
3.566,410,25
3.567,414,25
3.568,413,25
3.569,414,25
3.570,413,25
3.571,414,25
3.572,421,25
3.573,417,25
3.574,462,22
3.575,419,25
3.576,419,25
3.577,419,25
3.578,425,24
3.579,424,24
3.580,424,24
3.581,424,24
3.582,424,24
3.583,433,24
3.584,432,24
3.585,429,24
3.586,475,22
3.587,431,24
3.588,430,24
3.589,437,24
3.590,435,24
3.591,435,24
3.592,435,24
3.593,435,24
3.594,436,24
3.595,441,23
3.596,440,23
3.597,437,24
3.598,483,21
3.599,438,24
3.600,445,23
3.601,443,23
3.602,444,23
3.603,444,23
3.604,443,23
3.605,444,23
3.606,452,23
3.607,451,23
3.608,451,23
3.609,491,21
3.610,494,21
3.611,456,23
3.612,453,23
3.613,454,23
3.614,454,23
3.615,455,23
3.616,455,23
3.617,463,22
3.618,462,22
3.619,462,22
3.620,462,22
3.621,505,20
3.622,466,22
3.623,465,22
3.624,464,22
3.625,464,22
3.626,465,22
3.627,466,22
3.628,474,22
3.629,473,22
3.630,473,22
3.631,473,22
3.632,472,22
3.633,474,22
3.634,520,19
3.635,474,22
3.636,476,22
3.637,476,22
3.638,476,22
3.639,485,21
3.640,484,21
3.641,484,21
3.642,483,21
3.643,484,21
3.644,485,21
3.645,532,19
3.646,530,19
3.647,485,21
3.648,486,21
3.649,486,21
3.650,492,21
3.651,490,21
3.652,491,21
3.653,491,21
3.654,491,21
3.655,491,21
3.656,499,20
3.657,544,19
3.658,542,19
3.659,496,21
3.660,497,20
3.661,503,20
3.662,502,20
3.663,502,20
3.664,502,20
3.665,502,20
3.666,502,20
3.667,507,20
3.668,505,20
3.669,551,18
3.670,548,18
3.671,505,20
3.672,510,20
3.673,509,20
3.674,509,20
3.675,509,20
3.676,509,20
3.677,509,20
3.678,514,20
3.679,513,20
3.680,514,20
3.681,558,18
3.682,512,20
3.683,514,20
3.684,515,20
3.685,516,20
3.686,516,20
3.687,516,20
3.688,516,20
3.689,520,19
3.690,520,19
3.691,520,19
3.692,520,19
3.693,564,18
3.694,521,19
3.695,523,19
3.696,523,19
3.697,523,19
3.698,523,19
3.699,524,19
3.700,527,19
3.701,527,19
3.702,527,19
3.703,527,19
3.704,528,19
3.705,527,19
3.706,532,19
3.707,529,19
3.708,530,19
3.709,530,19
3.710,530,19
3.711,535,19
3.712,534,19
3.713,534,19
3.714,534,19
3.715,534,19
3.716,535,19
3.717,543,19
3.718,560,18
3.719,541,19
3.720,542,19
3.721,542,19
3.722,542,19
3.723,542,19
3.724,544,19
3.725,543,19
3.726,542,19
3.727,541,19
3.728,547,18
3.729,600,17
3.730,592,17
3.731,544,19
3.732,545,18
3.733,547,18
3.734,549,18
3.735,548,18
3.736,549,18
3.737,549,18
3.738,548,18
3.739,554,18
3.740,554,18
3.741,603,17
3.742,597,17
3.743,551,18
3.744,552,18
3.745,556,18
3.746,556,18
3.747,556,18
3.748,557,18
3.749,556,18
3.750,560,18
3.751,560,18
3.752,562,18
3.753,611,16
3.754,561,18
3.755,560,18
3.756,564,18
3.757,562,18
3.758,562,18
3.759,562,18
3.760,563,18
3.761,568,18
3.762,567,18
3.763,567,18
3.764,569,18
3.765,617,16
3.766,571,18
3.767,567,18
3.768,566,18
3.769,566,18
3.770,566,18
3.771,566,18
3.772,567,18
3.773,570,18
3.774,570,18
3.775,570,18
3.776,573,17
3.777,619,16
3.778,574,17
3.779,571,18
3.780,572,18
3.781,572,18
3.782,573,17
3.783,573,17
3.784,573,17
3.785,573,17
3.786,573,17
3.787,573,17
3.788,575,17
3.789,578,17
3.790,621,16
3.791,574,17
3.792,575,17
3.793,576,17
3.794,576,17
3.795,581,17
3.796,580,17
3.797,579,17
3.798,580,17
3.799,579,17
3.800,584,17
3.801,635,16
3.802,628,16
3.803,581,17
3.804,582,17
3.805,582,17
3.806,588,17
3.807,587,17
3.808,586,17
3.809,587,17
3.810,586,17
3.811,587,17
3.812,587,17
3.813,637,16
3.814,630,16
3.815,585,17
3.816,586,17
3.817,592,17
3.818,590,17
3.819,590,17
3.820,590,17
3.821,590,17
3.822,591,17
3.823,590,17
3.824,591,17
3.825,641,15
3.826,634,16
3.827,589,17
3.828,591,17
3.829,589,17
3.830,590,17
3.831,590,17
3.832,591,17
3.833,591,17
3.834,595,17
3.835,594,17
3.836,597,17